<annotation>
	<folder>images</folder>
	<filename>images (4).jpg</filename>
	<path>C:\Users\hiros\Downloads\dataset\images\images (4).jpg</path>
	<source>
		<database>Unknown</database>
	</source>
	<size>
		<width>275</width>
		<height>183</height>
		<depth>3</depth>
	</size>
	<segmented>0</segmented>
	<object>
		<name>person</name>
		<pose>Unspecified</pose>
		<truncated>0</truncated>
		<difficult>0</difficult>
		<bndbox>
			<xmin>71</xmin>
			<ymin>55</ymin>
			<xmax>147</xmax>
			<ymax>160</ymax>
		</bndbox>
	</object>
	<object>
		<name>mannequin</name>
		<pose>Unspecified</pose>
		<truncated>1</truncated>
		<difficult>0</difficult>
		<bndbox>
			<xmin>143</xmin>
			<ymin>1</ymin>
			<xmax>275</xmax>
			<ymax>180</ymax>
		</bndbox>
	</object>
	<object>
		<name>mannequin</name>
		<pose>Unspecified</pose>
		<truncated>1</truncated>
		<difficult>0</difficult>
		<bndbox>
			<xmin>1</xmin>
			<ymin>51</ymin>
			<xmax>32</xmax>
			<ymax>138</ymax>
		</bndbox>
	</object>
	<object>
		<name>mannequin</name>
		<pose>Unspecified</pose>
		<truncated>0</truncated>
		<difficult>0</difficult>
		<bndbox>
			<xmin>110</xmin>
			<ymin>33</ymin>
			<xmax>140</xmax>
			<ymax>101</ymax>
		</bndbox>
	</object>
	<object>
		<name>mannequin</name>
		<pose>Unspecified</pose>
		<truncated>0</truncated>
		<difficult>0</difficult>
		<bndbox>
			<xmin>135</xmin>
			<ymin>20</ymin>
			<xmax>161</xmax>
			<ymax>84</ymax>
		</bndbox>
	</object>
	<object>
		<name>mannequin</name>
		<pose>Unspecified</pose>
		<truncated>0</truncated>
		<difficult>0</difficult>
		<bndbox>
			<xmin>77</xmin>
			<ymin>45</ymin>
			<xmax>97</xmax>
			<ymax>89</ymax>
		</bndbox>
	</object>
</annotation>
