<annotation>
	<folder>images</folder>
	<filename>images (3).jpg</filename>
	<path>C:\Users\hiros\Downloads\dataset\images\images (3).jpg</path>
	<source>
		<database>Unknown</database>
	</source>
	<size>
		<width>298</width>
		<height>169</height>
		<depth>3</depth>
	</size>
	<segmented>0</segmented>
	<object>
		<name>mannequin</name>
		<pose>Unspecified</pose>
		<truncated>1</truncated>
		<difficult>0</difficult>
		<bndbox>
			<xmin>181</xmin>
			<ymin>13</ymin>
			<xmax>224</xmax>
			<ymax>169</ymax>
		</bndbox>
	</object>
	<object>
		<name>mannequin</name>
		<pose>Unspecified</pose>
		<truncated>1</truncated>
		<difficult>0</difficult>
		<bndbox>
			<xmin>132</xmin>
			<ymin>15</ymin>
			<xmax>181</xmax>
			<ymax>169</ymax>
		</bndbox>
	</object>
	<object>
		<name>mannequin</name>
		<pose>Unspecified</pose>
		<truncated>0</truncated>
		<difficult>0</difficult>
		<bndbox>
			<xmin>118</xmin>
			<ymin>5</ymin>
			<xmax>147</xmax>
			<ymax>98</ymax>
		</bndbox>
	</object>
	<object>
		<name>mannequin</name>
		<pose>Unspecified</pose>
		<truncated>0</truncated>
		<difficult>0</difficult>
		<bndbox>
			<xmin>245</xmin>
			<ymin>32</ymin>
			<xmax>277</xmax>
			<ymax>137</ymax>
		</bndbox>
	</object>
	<object>
		<name>mannequin</name>
		<pose>Unspecified</pose>
		<truncated>1</truncated>
		<difficult>0</difficult>
		<bndbox>
			<xmin>270</xmin>
			<ymin>56</ymin>
			<xmax>298</xmax>
			<ymax>132</ymax>
		</bndbox>
	</object>
	<object>
		<name>mannequin</name>
		<pose>Unspecified</pose>
		<truncated>1</truncated>
		<difficult>0</difficult>
		<bndbox>
			<xmin>245</xmin>
			<ymin>1</ymin>
			<xmax>273</xmax>
			<ymax>30</ymax>
		</bndbox>
	</object>
	<object>
		<name>mannequin</name>
		<pose>Unspecified</pose>
		<truncated>0</truncated>
		<difficult>0</difficult>
		<bndbox>
			<xmin>232</xmin>
			<ymin>35</ymin>
			<xmax>254</xmax>
			<ymax>86</ymax>
		</bndbox>
	</object>
	<object>
		<name>mannequin</name>
		<pose>Unspecified</pose>
		<truncated>0</truncated>
		<difficult>0</difficult>
		<bndbox>
			<xmin>112</xmin>
			<ymin>12</ymin>
			<xmax>125</xmax>
			<ymax>83</ymax>
		</bndbox>
	</object>
	<object>
		<name>mannequin</name>
		<pose>Unspecified</pose>
		<truncated>0</truncated>
		<difficult>0</difficult>
		<bndbox>
			<xmin>104</xmin>
			<ymin>18</ymin>
			<xmax>119</xmax>
			<ymax>83</ymax>
		</bndbox>
	</object>
	<object>
		<name>mannequin</name>
		<pose>Unspecified</pose>
		<truncated>1</truncated>
		<difficult>0</difficult>
		<bndbox>
			<xmin>1</xmin>
			<ymin>1</ymin>
			<xmax>38</xmax>
			<ymax>169</ymax>
		</bndbox>
	</object>
	<object>
		<name>mannequin</name>
		<pose>Unspecified</pose>
		<truncated>0</truncated>
		<difficult>0</difficult>
		<bndbox>
			<xmin>20</xmin>
			<ymin>19</ymin>
			<xmax>49</xmax>
			<ymax>81</ymax>
		</bndbox>
	</object>
	<object>
		<name>mannequin</name>
		<pose>Unspecified</pose>
		<truncated>0</truncated>
		<difficult>0</difficult>
		<bndbox>
			<xmin>41</xmin>
			<ymin>22</ymin>
			<xmax>75</xmax>
			<ymax>78</ymax>
		</bndbox>
	</object>
	<object>
		<name>mannequin</name>
		<pose>Unspecified</pose>
		<truncated>1</truncated>
		<difficult>0</difficult>
		<bndbox>
			<xmin>19</xmin>
			<ymin>1</ymin>
			<xmax>52</xmax>
			<ymax>25</ymax>
		</bndbox>
	</object>
	<object>
		<name>mannequin</name>
		<pose>Unspecified</pose>
		<truncated>0</truncated>
		<difficult>0</difficult>
		<bndbox>
			<xmin>68</xmin>
			<ymin>25</ymin>
			<xmax>93</xmax>
			<ymax>81</ymax>
		</bndbox>
	</object>
	<object>
		<name>mannequin</name>
		<pose>Unspecified</pose>
		<truncated>1</truncated>
		<difficult>0</difficult>
		<bndbox>
			<xmin>74</xmin>
			<ymin>1</ymin>
			<xmax>106</xmax>
			<ymax>27</ymax>
		</bndbox>
	</object>
	<object>
		<name>mannequin</name>
		<pose>Unspecified</pose>
		<truncated>0</truncated>
		<difficult>0</difficult>
		<bndbox>
			<xmin>87</xmin>
			<ymin>25</ymin>
			<xmax>103</xmax>
			<ymax>78</ymax>
		</bndbox>
	</object>
	<object>
		<name>person</name>
		<pose>Unspecified</pose>
		<truncated>0</truncated>
		<difficult>0</difficult>
		<bndbox>
			<xmin>89</xmin>
			<ymin>68</ymin>
			<xmax>113</xmax>
			<ymax>93</ymax>
		</bndbox>
	</object>
</annotation>
